,lambda1_share,lambda1_share_roc,n_significant_mp,regime_prob_stress
2023-03-03,,,,
2023-03-06,,,,
2023-03-07,,,,
2023-03-08,,,,
2023-03-09,,,,
2023-03-10,,,,
2023-03-13,,,,
2023-03-14,,,,
2023-03-15,,,,
2023-03-16,,,,
2023-03-17,,,,
2023-03-20,,,,
2023-03-21,,,,
2023-03-22,,,,
2023-03-23,,,,
2023-03-24,,,,
2023-03-27,,,,
2023-03-28,,,,
2023-03-29,,,,
2023-03-30,,,,
2023-03-31,,,,
2023-04-03,,,,
2023-04-04,,,,
2023-04-05,,,,
2023-04-06,,,,
2023-04-07,,,,
2023-04-10,,,,
2023-04-11,,,,
2023-04-12,,,,
2023-04-13,,,,
2023-04-14,,,,
2023-04-17,,,,
2023-04-18,,,,
2023-04-19,,,,
2023-04-20,,,,
2023-04-21,,,,
2023-04-24,,,,
2023-04-25,,,,
2023-04-26,,,,
2023-04-27,,,,
2023-04-28,,,,
2023-05-01,,,,
2023-05-02,,,,
2023-05-03,,,,
2023-05-04,,,,
2023-05-05,,,,
2023-05-08,,,,
2023-05-09,,,,
2023-05-10,,,,
2023-05-11,,,,
2023-05-12,,,,
2023-05-15,,,,
2023-05-16,,,,
2023-05-17,,,,
2023-05-18,,,,
2023-05-19,,,,
2023-05-22,,,,
2023-05-23,,,,
2023-05-24,,,,
2023-05-25,0.12668769703791563,,0.0,1.5317878531386276e-43
2023-05-26,0.12648420433414143,,0.0,1.0006939884363426e-05
2023-05-29,0.13166664472450196,,0.0,2.119276066514103e-05
2023-05-30,0.1330546584562624,,0.0,2.7632612286736658e-05
2023-05-31,0.13400961348278295,,1.0,3.3616470920715195e-05
2023-06-01,0.13421128518813338,0.007523588150217753,1.0,3.520024162088103e-05
2023-06-02,0.13387502119584557,0.007390816861704147,1.0,3.286636435954785e-05
2023-06-05,0.13490722713876355,0.003240582414261589,1.0,4.0827730419850384e-05
2023-06-06,0.1311823424460135,-0.0018723160102488978,0.0,1.9898385091516833e-05
2023-06-07,0.12894554126745958,-0.005064072215323373,0.0,1.3833975241688307e-05
2023-06-08,0.13119331789071287,-0.003017967297420515,0.0,1.957186292611305e-05
2023-06-09,0.12799395936224725,-0.005881061833598322,0.0,1.2155620272605342e-05
2023-06-12,0.12546710352139667,-0.009440123617366875,0.0,9.081616640965218e-06
2023-06-13,0.12561697240474057,-0.0055653700412729434,0.0,9.196596044162123e-06
2023-06-14,0.12583831659194655,-0.003107224675513026,0.0,9.404184939867779e-06
2023-06-15,0.12334937143445007,-0.007843946456262796,0.0,7.594433685968132e-06
2023-06-16,0.12134576088540627,-0.006648198476840977,0.0,6.764959904623597e-06
2023-06-19,0.12324087376678408,-0.002226229754612591,0.0,7.523835588403197e-06
2023-06-20,0.11596926827211135,-0.00964770413262922,0.0,6.419583092771242e-06
2023-06-21,0.1143047560843651,-0.011533560507581447,0.0,6.804577629551747e-06
2023-06-22,0.11585174008235241,-0.007497631352097661,0.0,6.435664581077609e-06
2023-06-23,0.1159054534648674,-0.005440307420538873,0.0,6.425066400921162e-06
2023-06-26,0.11586215068661818,-0.007378723080165905,0.0,6.432219288849227e-06
2023-06-27,0.11794389512013151,0.001974626848020161,0.0,6.2633522019286435e-06
2023-06-28,0.11786485554165312,0.00356009945728801,0.0,6.262585143318285e-06
2023-06-29,0.11825085978671615,0.002399119704363739,0.0,6.267517062693608e-06
2023-06-30,0.1210561561345587,0.0051507026696912955,0.0,6.676298216976142e-06
2023-07-03,0.11957252620154699,0.00371037551492881,0.0,6.377961002698651e-06
2023-07-04,0.12185862291173871,0.003914727791607203,0.0,6.926073492904175e-06
2023-07-05,0.12242712985421773,0.004562274312564618,0.0,7.14663151526262e-06
2023-07-06,0.12063036886817284,0.0023795090814566905,0.0,6.573723083562781e-06
2023-07-07,0.12069118167820414,-0.0003649744563545554,0.0,6.5852992929449794e-06
2023-07-10,0.1203626553674751,0.000790129165928119,0.0,6.512776378211728e-06
2023-07-11,0.11936952026380632,-0.0024891026479323952,0.0,6.351168110669808e-06
2023-07-12,0.118708831653253,-0.0037182982009647397,0.0,6.289343958685532e-06
2023-07-13,0.11738303976502729,-0.003247329103145555,0.0,6.273354544173642e-06
2023-07-14,0.11747786844886852,-0.0032133132293356154,0.0,6.269709514334066e-06
2023-07-17,0.11654185754653495,-0.00382079782094015,0.0,6.337016551609206e-06
2023-07-18,0.11557246198249797,-0.0037970582813083437,0.0,6.484212299972804e-06
2023-07-19,0.11116409827794309,-0.007544733375309906,0.0,8.379832178767843e-06
2023-07-20,0.11145847949156683,-0.005924560273460458,0.0,8.184545983991006e-06
2023-07-21,0.10936048337089685,-0.008117385077971676,0.0,1.0012076737690802e-05
2023-07-24,0.11002578670974131,-0.006516070836793647,0.0,9.346315052625701e-06
2023-07-25,0.11136781370574558,-0.00420464827675239,0.0,8.252062804137623e-06
2023-07-26,0.10931907090746681,-0.0018450273704762737,0.0,1.0058200409451886e-05
2023-07-27,0.10949474984388251,-0.0019637296476843202,0.0,9.879751534787217e-06
2023-07-28,0.10974550957215405,0.000385026201257202,0.0,9.618786895922473e-06
2023-07-31,0.10996756719762818,-5.8219512113127925e-05,0.0,9.399116267047772e-06
2023-08-01,0.11400608062705933,0.0026382669213137477,0.0,6.917169728461496e-06
2023-08-02,0.11221375969498786,0.002894688787521041,0.0,7.709565371001507e-06
2023-08-03,0.11014001479032068,0.0006452649464381705,0.0,9.225133813813141e-06
2023-08-04,0.11061274935767895,0.0008672397855249009,0.0,8.822758807063256e-06
2023-08-07,0.11033791299215581,0.0003703457945276323,0.0,9.054340019703276e-06
2023-08-08,0.1090298765653211,-0.0049762040617382375,0.0,1.0395021823655707e-05
2023-08-09,0.11521402758367214,0.00300026788868428,0.0,6.5778160336810255e-06
2023-08-10,0.1172704247327809,0.007130409942460225,0.0,6.279798425858461e-06
2023-08-11,0.11574895716438632,0.005136207806707371,0.0,6.451163027653848e-06
2023-08-14,0.1145806188380979,0.0042427058459420935,0.0,6.721959483778228e-06
2023-08-15,0.11524070179172388,0.0062108252264027886,0.0,6.555141040682868e-06
2023-08-16,0.11653621154603346,0.0013221839623613202,0.0,6.338893234294024e-06
2023-08-17,0.11759340587018029,0.0003229811373993835,0.0,6.266617479158503e-06
2023-08-18,0.11507774254488663,-0.000671214619499691,0.0,6.590735084526897e-06
2023-08-21,0.1138428071057422,-0.0007378117323557087,0.0,6.9614945891895235e-06
2023-08-22,0.11385514200251914,-0.0013855597892047378,0.0,6.958817402558177e-06
2023-08-23,0.11565496079070198,-0.000881250755331478,0.0,6.471324954116421e-06
2023-08-24,0.11671445096290957,-0.0008789549072707181,0.0,6.320084672231854e-06
2023-08-25,0.11437947358823237,-0.0006982689566542577,0.0,6.780939458267315e-06
2023-08-28,0.11205327210075826,-0.0017895350049839387,0.0,7.800936348422541e-06
2023-08-29,0.11652138146810587,0.0026662394655867228,0.0,6.346013239161851e-06
2023-08-30,0.11241987495288162,-0.0032350858378203534,0.0,7.593546874311604e-06
2023-08-31,0.1108471646130695,-0.005867286349840073,0.0,8.624758138440521e-06
2023-09-01,0.10924679297384593,-0.005132680614386445,0.0,1.0141531376422603e-05
2023-09-04,0.1048024958737493,-0.007250776227008954,0.0,1.8878011994509804e-05
2023-09-05,0.11075775244142358,-0.005763629026682288,0.0,8.76314483270515e-06
2023-09-06,0.11027745800449212,-0.0021424169483895,0.0,9.107456803152809e-06
2023-09-07,0.10824138146824193,-0.002605783144827567,0.0,1.1417117478893832e-05
2023-09-08,0.10716135463652791,-0.0020854383373180158,0.0,1.3171713499312658e-05
2023-09-11,0.10720008563069948,0.0023975897569501747,0.0,1.3117573630199425e-05
2023-09-12,0.10559892143288943,-0.005158831008534148,0.0,1.661398631634729e-05
2023-09-13,0.10591127673791097,-0.004366181266581157,0.0,1.586260072222358e-05
2023-09-14,0.10584515936960534,-0.0023962220986365884,0.0,1.6016970638970092e-05
2023-09-15,0.10658051931960548,-0.0005808353169224345,0.0,1.4345770639331563e-05
2023-09-18,0.10894081632882682,0.0017407306981273435,0.0,1.0539871343200248e-05
2023-09-19,0.10950431810204676,0.003905396669157332,0.0,9.87284744309586e-06
2023-09-20,0.10901981064618749,0.00310853390827652,0.0,1.0412831776171961e-05
2023-09-21,0.10837881106575507,0.002533651696149733,0.0,1.1235752940837632e-05
2023-09-22,0.11289168893299321,0.006311169613387735,0.0,7.381122795040971e-06
2023-09-25,0.11131562417783562,0.0023748078490088004,0.0,8.277138655039067e-06
2023-09-26,0.11077550536552383,0.0012711872634770666,0.0,8.685270221437304e-06
2023-09-27,0.10985167707106705,0.0008318664248795626,0.0,9.505349719779958e-06
2023-09-28,0.10932038021438795,0.0009415691486328731,0.0,1.0065462916101997e-05
2023-09-29,0.1127787384208246,-0.00011295051216861363,0.0,7.429505254849371e-06
2023-10-02,0.11194814991992301,0.0006325257420873864,0.0,7.866795280325178e-06
2023-10-03,0.10477939996213599,-0.005996105403387839,0.0,1.892174936026451e-05
2023-10-04,0.10480629744669247,-0.005045379624374582,0.0,1.8980309186475177e-05
2023-10-05,0.10200315109310822,-0.007317229121279731,0.0,3.1974138705918613e-05
2023-10-06,0.1084365638824242,-0.004342174538400398,0.0,1.1323023053372814e-05
2023-10-09,0.10572998332899347,-0.006218166590929539,0.0,1.625542615536014e-05
2023-10-10,0.10667861487697367,0.0018992149148376741,0.0,1.4145973456163347e-05
2023-10-11,0.1085929662504121,0.0037866688037196394,0.0,1.0976978576408785e-05
2023-10-12,0.1079242596879375,0.005921108594829277,0.0,1.1897872021411682e-05
2023-10-13,0.10670615546484924,-0.0017304084175749634,0.0,1.4047837713189242e-05
2023-10-16,0.10367489211631159,-0.002055091212681881,0.0,2.3066841218669805e-05
2023-10-17,0.10539418169671975,-0.0012844331802539105,0.0,1.7282044514180433e-05
2023-10-18,0.10847555258728954,-0.00011741366312256751,0.0,1.1157031182360586e-05
2023-10-19,0.10697087406393407,-0.0009533856240034194,0.0,1.3522799219185112e-05
2023-10-20,0.10901605867395628,0.0023099032091070393,0.0,1.0443540173537761e-05
2023-10-23,0.10945552940627588,0.005780637289964294,0.0,9.924376061940247e-06
2023-10-24,0.11179210387391211,0.006397922177192358,0.0,7.976102984354075e-06
2023-10-25,0.109429138349766,0.0009535857624764638,0.0,9.935895706899685e-06
2023-10-26,0.10971265719161302,0.0027417831276789484,0.0,9.652354807724623e-06
2023-10-27,0.11361474994405532,0.004598691270099042,0.0,7.061923720844073e-06
2023-10-30,0.11127533758689112,0.0018198081806152372,0.0,8.303616279192222e-06
2023-10-31,0.1144098841710533,0.0026177802971411868,0.0,6.780968032561866e-06
2023-11-01,0.11270032014298884,0.0032711817932228326,0.0,7.451252657121837e-06
2023-11-02,0.11469851947886885,0.004985862287255824,0.0,6.693516140847555e-06
2023-11-03,0.11449712547580337,0.0008823755317480531,0.0,6.74733928381328e-06
2023-11-06,0.11706154996937829,0.005786212382487166,0.0,6.292887584933301e-06
2023-11-07,0.11772667214860372,0.003316787977550417,0.0,6.263858503304636e-06
2023-11-08,0.1162144788548794,0.0035141587118905637,0.0,6.3776142515807045e-06
2023-11-09,0.11539402724776703,0.0006955077688981792,0.0,6.5203686930239305e-06
2023-11-10,0.11654271636953334,0.002045590893729965,0.0,6.33802128648633e-06
2023-11-13,0.11660122727500839,-0.00046032269436989404,0.0,6.330909436785552e-06
2023-11-14,0.11326916520678205,-0.004457506941821662,0.0,7.186403159826798e-06
2023-11-15,0.11781375646852799,0.0015992776136485864,0.0,6.266831359367733e-06
2023-11-16,0.1156409594185051,0.00024693217073806784,0.0,6.470843757662445e-06
2023-11-17,0.11352830450022104,-0.0030144118693122973,0.0,7.080322382186822e-06
2023-11-20,0.113111262489532,-0.0034899647854763904,0.0,7.259076766827793e-06
2023-11-21,0.11613869595466947,0.002869530747887414,0.0,6.392708330920146e-06
2023-11-22,0.11998612346541643,0.002172366996888442,0.0,6.440685770835838e-06
2023-11-23,0.12811104272747095,0.01247008330896586,0.0,1.2231361588023707e-05
2023-11-24,0.12684911715063718,0.013320812650416139,0.0,1.0515107312774367e-05
2023-11-27,0.12397961485836488,0.010868352368832879,0.0,7.963140208662084e-06
2023-11-28,0.12517086388219686,0.009032167927527396,0.0,8.80345052820151e-06
2023-11-29,0.12375770389210056,0.003771580426684129,0.0,7.819631611025225e-06
2023-11-30,0.12167244552012117,-0.0064385972073497805,0.0,6.8692184308348225e-06
2023-12-01,0.12054986351776065,-0.006299253632876534,0.0,6.554209324861187e-06
2023-12-04,0.12154873579808899,-0.0024308790602758923,0.0,6.822876898728936e-06
2023-12-05,0.12601798960222324,0.000847125720026376,0.0,9.56423547057584e-06
2023-12-06,0.12512310343976696,0.0013653995476664016,0.0,8.774123127323364e-06
2023-12-07,0.12489673692247735,0.0032242914023561803,0.0,8.590008614521056e-06
2023-12-08,0.12622611731910954,0.005676253801348896,0.0,9.788616826593792e-06
2023-12-11,0.1234491765509915,0.0019004407529025075,0.0,7.650165878184807e-06
2023-12-12,0.12197069352861807,-0.004047296073605169,0.0,6.9723327935947814e-06
2023-12-13,0.12211307042943591,-0.0030100330103310508,0.0,7.022029331417601e-06
2023-12-14,0.12539914897633053,0.0005024120538531796,0.0,8.990201735114938e-06
2023-12-15,0.12384748633762678,-0.0023786309814827628,0.0,7.874029425187326e-06
2023-12-18,0.1279596608818015,0.0045104843308099996,0.0,1.2004711075433734e-05
2023-12-19,0.12776067706085714,0.005789983532239071,0.0,1.1736570471183004e-05
2023-12-20,0.12813974774700404,0.006026677317568133,0.0,1.232253653259872e-05
2023-12-21,0.1293126718389741,0.00391352286264357,0.0,1.4510009492234806e-05
2023-12-22,0.12813567140775853,0.0042881850701317475,0.0,1.2339491899826676e-05
2023-12-25,0.12925683329843893,0.001297172416637432,0.0,1.4392252623711467e-05
2023-12-26,0.12905838172829162,0.0012977046674344794,0.0,1.4005159162999043e-05
2023-12-27,0.13033308050526068,0.002193332758256644,0.0,1.6982277617275086e-05
2023-12-28,0.1325736489271934,0.0032609770882192912,0.0,2.5129008069300016e-05
2023-12-29,0.13318319216312052,0.005047520755361995,1.0,2.841164994326654e-05
2024-01-01,0.12048241051649525,-0.00877442278194368,0.0,6.6368491638150535e-06
2024-01-02,0.12092767545101772,-0.0081307062772739,0.0,6.644028712896337e-06
2024-01-03,0.12072507287951864,-0.009608007625742043,0.0,6.593672619488546e-06
2024-01-04,0.12345554560753613,-0.009118103319657261,0.0,7.636754534182794e-06
2024-01-05,0.12326259601661493,-0.00992059614650559,0.0,7.539618541569702e-06
2024-01-08,0.12377011338637119,0.0032877028698759386,0.0,7.820104827048061e-06
2024-01-09,0.12070402194863081,-0.00022365350238691406,0.0,6.5940204287927185e-06
2024-01-10,0.11566651590719733,-0.0050585569723213125,0.0,6.467544390958964e-06
2024-01-11,0.11476475230481638,-0.008690793302719754,0.0,6.6709759231380776e-06
2024-01-12,0.11958390870584178,-0.003678687310773157,0.0,6.3795025517274905e-06
2024-01-15,0.1220669364448517,-0.001703176941519488,0.0,7.0017507474758764e-06
2024-01-16,0.12227082707003195,0.0015668051214011436,0.0,7.083481942410083e-06
2024-01-17,0.12377407622928234,0.008107560322085011,0.0,7.819973685578663e-06
2024-01-18,0.12548182309797717,0.010717070793160796,0.0,9.067440608760502e-06
2024-01-19,0.12654761840481218,0.006963709698970408,0.0,1.0140899259649104e-05
2024-01-22,0.1286751473593227,0.006608210914471002,0.0,1.3230760904183108e-05
2024-01-23,0.1288315564647366,0.006560729394704645,0.0,1.3551082930367225e-05
2024-01-24,0.12832213204888374,0.004548055819601396,0.0,1.2640013346683218e-05
2024-01-25,0.1308302263307446,0.005348403232767418,0.0,1.8396476992443937e-05
2024-01-26,0.12982950093428514,0.0032818825294729514,0.0,1.5743801500446895e-05
2024-01-29,0.12733388372342735,-0.0013412636358953456,0.0,1.1161045887690785e-05
2024-01-30,0.12908481013639111,0.0002532536716545186,0.0,1.4027071492162633e-05
2024-01-31,0.12670101378381193,-0.0016211182650718026,0.0,1.0351969224739525e-05
2024-02-01,0.12853509446563083,-0.002295131865113764,0.0,1.2980448643160392e-05
2024-02-02,0.12689029505540625,-0.0029392058788788866,0.0,1.057053785079886e-05
2024-02-05,0.12102111711911176,-0.006312766604315595,0.0,6.6867351354186544e-06
2024-02-06,0.12449211563390196,-0.004592694502489156,0.0,8.280170768543456e-06
2024-02-07,0.11741996429863609,-0.009281049485175843,0.0,6.280518833919827e-06
2024-02-08,0.1149801482604421,-0.013554946205188725,0.0,6.6145354339889305e-06
2024-02-09,0.1140158452483202,-0.012874449807086047,0.0,6.900502402186165e-06
2024-02-12,0.11470618629870256,-0.006314930820409195,0.0,6.6888620746885276e-06
2024-02-13,0.11501854971221961,-0.009473565921682345,0.0,6.6069558267825865e-06
2024-02-14,0.11426553708802424,-0.0031544272106118487,0.0,6.817851330666088e-06
2024-02-15,0.11608069149587104,0.0011005432354289357,0.0,6.3992757869246744e-06
2024-02-16,0.11446869588816787,0.0004528506398476656,0.0,6.754379555432608e-06
2024-02-19,0.11348973360113186,-0.0012164526975707024,0.0,7.097119246600893e-06
2024-02-20,0.11093328316254877,-0.004085266549670841,0.0,8.555260959646594e-06
2024-02-21,0.11289377185206484,-0.0013717652359594018,0.0,7.366488394799743e-06
2024-02-22,0.11627786569276267,0.0001971741968916363,0.0,6.373905633042073e-06
2024-02-23,0.11251580133198437,-0.0019528945561834987,0.0,7.543083867405498e-06
2024-02-26,0.11329793317814255,-0.0001918004229893161,0.0,7.180185849944315e-06
2024-02-27,0.11334078148616253,0.002407498323613755,0.0,7.160326863788458e-06
2024-02-28,0.11347452245604098,0.0005807506039761379,0.0,7.105237287258831e-06
2024-02-29,0.11130891137299354,-0.004968954319769139,0.0,8.280257020887936e-06
2024-03-01,0.11205278410141666,-0.0004630172305677138,0.0,7.809315482593574e-06
2024-03-04,0.11102307745007298,-0.002274855728069569,0.0,8.491473655649549e-06
2024-03-05,0.11099284447490537,-0.0023479370112571563,0.0,8.518226639930197e-06
2024-03-06,0.11058638528257497,-0.0028881371734660044,0.0,8.840259299810697e-06
2024-03-07,0.1083052993893353,-0.0030036119836582414,0.0,1.1325221775513578e-05
2024-03-08,0.11121598339376147,-0.0008368007076551831,0.0,8.37042692693506e-06
2024-03-11,0.10583506996536712,-0.005188007484705853,0.0,1.595935589991147e-05
2024-03-12,0.10689593380202679,-0.0040969106728785815,0.0,1.3711462154946992e-05
2024-03-13,0.10742052336047761,-0.0031658619220973627,0.0,1.2735142478221703e-05
2024-03-14,0.10694849146206595,-0.0013568079272693462,0.0,1.358013278841005e-05
2024-03-15,0.10716004947548886,-0.004055933918272608,0.0,1.319373802349229e-05
2024-03-18,0.10781417858957826,0.0019791086242111344,0.0,1.2086137042382217e-05
2024-03-19,0.10851775642115816,0.0016218226191313662,0.0,1.1060728419090444e-05
2024-03-20,0.1096033362151734,0.0021828128546957926,0.0,9.77220060217942e-06
2024-03-21,0.10726507472225104,0.000316583260185091,0.0,1.2970930373486576e-05
2024-03-22,0.11508395446062418,0.007923904985135316,0.0,6.619833637418517e-06
2024-03-25,0.11453118432119289,0.006717005731614628,0.0,6.737019350890254e-06
2024-03-26,0.11425949288520723,0.005741736464049074,0.0,6.820388818141647e-06
2024-03-27,0.11601816111933945,0.006414824904166047,0.0,6.408792992572418e-06
2024-03-28,0.1144275608750976,0.007162486152846564,0.0,6.766741444877397e-06
2024-03-29,0.11576498167755249,0.0006810272169283094,0.0,6.450495071747549e-06
2024-04-01,0.11386177082557102,-0.0006694134956218706,0.0,6.953966140202603e-06
2024-04-02,0.11292321261589233,-0.001336280269314899,0.0,7.344472922213218e-06
2024-04-03,0.11491745624194288,-0.001100704877396566,0.0,6.635139019853282e-06
2024-04-04,0.11867710022263893,0.004249539347541326,0.0,6.288545933360787e-06
2024-04-05,0.12096168844187341,0.005196706764320921,0.0,6.651265719329882e-06
2024-04-08,0.1198746385737751,0.006012867748204087,0.0,6.423139016183639e-06
2024-04-09,0.11946039358480877,0.006537180968916437,0.0,6.362014583104665e-06
2024-04-10,0.1146833379332418,-0.00023411830870108397,0.0,6.692655842499851e-06
2024-04-11,0.11630159237241659,-0.002375507850222336,0.0,6.3678135990064994e-06
2024-04-12,0.11727819449272658,-0.0036834939491468266,0.0,6.278494689704591e-06
2024-04-15,0.11835626675194184,-0.0015183718218332587,0.0,6.271018761867068e-06
2024-04-16,0.11541951490006212,-0.004040878684746646,0.0,6.514574264809669e-06
2024-04-17,0.11638261467780747,0.0016992767445656726,0.0,6.3567292052303375e-06
2024-04-18,0.11397594135005135,-0.0023256510223652466,0.0,6.913077009713592e-06
2024-04-19,0.11350420855845354,-0.0037739859342730414,0.0,7.092096037822242e-06
2024-04-22,0.11507273716999578,-0.003283529581946068,0.0,6.595697424632523e-06
2024-04-23,0.11368125183171203,-0.0017382630683500933,0.0,7.021493302120833e-06
2024-04-24,0.11515724927135824,-0.0012253654064492275,0.0,6.5754885283687455e-06
2024-04-25,0.11480873876727407,0.0008327974172227248,0.0,6.659762410620538e-06
2024-04-26,0.11699273115802132,0.003488522599567778,0.0,6.297353403173044e-06
2024-04-29,0.11382551156025568,-0.0012472256097400963,0.0,6.9663644285429295e-06
2024-04-30,0.11318598689945553,-0.0004952649322565034,0.0,7.225509521459418e-06
2024-05-01,0.11318309920374234,-0.001974150067615907,0.0,7.2280679062779265e-06
2024-05-02,0.11324096667292635,-0.0015677720943477191,0.0,7.202962269070966e-06
2024-05-03,0.11320775164778625,-0.0037849795102350703,0.0,7.217205895662606e-06
2024-05-06,0.11258241450912795,-0.0012430970511277256,0.0,7.513042598791673e-06
2024-05-07,0.11565305407801814,0.0024670671785626125,0.0,6.474162083221497e-06
2024-05-08,0.1152086847933113,0.0020255855895689595,0.0,6.561223570534092e-06
2024-05-09,0.11501570512716637,0.0017747384542400185,0.0,6.607067398482081e-06
2024-05-10,0.11407892533173641,0.0008711736839501633,0.0,6.878981866333135e-06
2024-05-13,0.11345159992771142,0.000869185418583468,0.0,7.11313175643329e-06
2024-05-14,0.1119918200089273,-0.0036612340690908435,0.0,7.838979368078172e-06
2024-05-15,0.11049098364365693,-0.004717701149654363,0.0,8.916106434231738e-06
2024-05-16,0.11217960003165287,-0.0028361050955135053,0.0,7.739553958004183e-06
2024-05-17,0.1132343505067807,-0.0008445748249557156,0.0,7.208363571585531e-06
2024-05-20,0.1128299260261347,-0.0006216739015767192,0.0,7.390073033646948e-06
2024-05-21,0.11272665025990346,0.0007348302509761623,0.0,7.441341190222945e-06
2024-05-22,0.11374811816338923,0.0032571345197322937,0.0,7.000417955909856e-06
2024-05-23,0.11996214504455782,0.007782545012904957,0.0,6.439280687095784e-06
2024-05-24,0.11836577773244948,0.005131427225668783,0.0,6.272070555149852e-06
2024-05-27,0.12073502755408635,0.007905101527951652,0.0,6.594360457307312e-06
2024-05-28,0.12149677595260205,0.008770125692698597,0.0,6.806595881198181e-06
2024-05-29,0.1193788958842141,0.0056307777208248755,0.0,6.353587548669995e-06
2024-05-30,0.1188982657638826,-0.0010638792806752229,0.0,6.303204535196131e-06
2024-05-31,0.11604585087294292,-0.002319926859506563,0.0,6.402250230826185e-06
2024-06-03,0.11835010155265865,-0.0023849260014277007,0.0,6.271330487936411e-06
2024-06-04,0.1169019219671862,-0.004594853985415856,0.0,6.302647008071688e-06
2024-06-05,0.12004946474304225,0.0006705688588281439,0.0,6.451388671373375e-06
2024-06-06,0.12271509753934334,0.003816831775460744,0.0,7.268734502523651e-06
2024-06-07,0.12119993883410984,0.0051540879611669255,0.0,6.7208591556964115e-06
2024-06-10,0.12831777156227175,0.0099676700096131,0.0,1.2573216841358944e-05
2024-06-11,0.12908400996760122,0.012182088000415023,0.0,1.4039123911914938e-05
2024-06-12,0.13031252111341962,0.010263056370377374,0.0,1.6927088032522016e-05
2024-06-13,0.13161692210936865,0.008901824570025307,0.0,2.110806637841087e-05
2024-06-14,0.12831224090949733,0.007112302075387489,0.0,1.2689007595603344e-05
2024-06-17,0.12522345886436928,-0.0030943126979024738,0.0,8.87583838236327e-06
2024-06-18,0.12611778161999196,-0.002966228347609262,0.0,9.678565157106446e-06
2024-06-19,0.12293766348343683,-0.007374857629982787,0.0,7.3882426766709205e-06
2024-06-20,0.1247071471859899,-0.006909774923378756,0.0,8.438826079882241e-06
2024-06-21,0.12067031982114977,-0.007641921088347561,0.0,6.588889361391293e-06
2024-06-24,0.11774905245974211,-0.007474406404627168,0.0,6.264852149699883e-06
2024-06-25,0.1167561772178804,-0.009361604402111562,0.0,6.3152448323280695e-06
2024-06-26,0.11732335106834084,-0.0056143124150959955,0.0,6.276090213659202e-06
2024-06-27,0.11624148853817136,-0.008465658647818536,0.0,6.373974965765704e-06
2024-06-28,0.11793854121341577,-0.002731778607734006,0.0,6.2630814825980076e-06
2024-07-01,0.11478582200852556,-0.0029632304512165475,0.0,6.6643998592356764e-06
2024-07-02,0.11299303367440855,-0.0037631435434718474,0.0,7.310559900305856e-06
2024-07-03,0.11997647773383845,0.002653126665497607,0.0,6.4431160543371735e-06
2024-07-04,0.11986307486670886,0.003621586328537499,0.0,6.42033624040853e-06
2024-07-05,0.11684792400374906,-0.0010906172096667027,0.0,6.307772002086573e-06
2024-07-08,0.11562232108398598,0.0008364990754604201,0.0,6.474537921077315e-06
2024-07-09,0.11603952395122076,0.003046490276812211,0.0,6.403974753733813e-06
2024-07-10,0.11393808266326827,-0.006038395070570177,0.0,6.926558054744319e-06
2024-07-11,0.1151778054255746,-0.00468526944113426,0.0,6.570319993456612e-06
2024-07-12,0.11602447816372671,-0.0008234458400223493,0.0,6.406708662442301e-06
2024-07-15,0.11434519019766756,-0.0012771308863184228,0.0,6.79190756756977e-06
2024-07-16,0.11669571900064508,0.000656195049424324,0.0,6.323301635501073e-06
2024-07-17,0.11922759802756398,0.005289515364295713,0.0,6.334164191333601e-06
2024-07-18,0.12018773891986667,0.005009933494292074,0.0,6.476996131422484e-06
2024-07-19,0.11871230233382962,0.0026878241701029093,0.0,6.290119163583729e-06
2024-07-22,0.11725525935189832,0.0029100691542307544,0.0,6.279325468402376e-06
2024-07-23,0.11698965525771267,0.0002939362570675841,0.0,6.295921123960141e-06
2024-07-24,0.1159498811605907,-0.003277716866973285,0.0,6.417227467711862e-06
2024-07-25,0.11557053881214355,-0.004617200107723124,0.0,6.484944852954534e-06
2024-07-26,0.11806333016125084,-0.0006489721725787823,0.0,6.264586657563595e-06
2024-07-29,0.11828625913430929,0.001030999782410974,0.0,6.268578638521321e-06
2024-07-30,0.11783818384310488,0.0008485285853922081,0.0,6.26270930486911e-06
2024-07-31,0.11645588733034451,0.0005060061697538115,0.0,6.346783077838375e-06
2024-08-01,0.11623152052103777,0.000660981708894226,0.0,6.3756427528514134e-06
2024-08-02,0.11725304647000145,-0.000810283691249386,0.0,6.279812191205452e-06
2024-08-05,0.1172804359276506,-0.001005823206658693,0.0,6.278000360747899e-06
2024-08-06,0.11704641147764765,-0.0007917723654572301,0.0,6.291876690417307e-06
2024-08-07,0.11768364256273371,0.0012277552323892021,0.0,6.2645242949318685e-06
2024-08-08,0.11871452930214252,0.002483008781104745,0.0,6.289340622238476e-06
2024-08-09,0.11675742327050741,-0.0004956231994940469,0.0,6.315236528301555e-06
2024-08-12,0.114309429575018,-0.002971006352632602,0.0,6.802620360364745e-06
2024-08-13,0.11692127764391522,-0.0001251338337324298,0.0,6.303418604800067e-06
2024-08-14,0.1135372409492691,-0.0041464016134646065,0.0,7.075957377275802e-06
2024-08-15,0.11391459306362837,-0.004799936238514144,0.0,6.938084508208243e-06
2024-08-16,0.11579426092213699,-0.0009631623483704194,0.0,6.44612387690696e-06
2024-08-19,0.11879349217931862,0.00448406260430062,0.0,6.2955853217167575e-06
2024-08-20,0.11939336249411817,0.002472084850202949,0.0,6.353095230585885e-06
2024-08-21,0.11945304724579289,0.005915806296523787,0.0,6.360771716125068e-06
2024-08-22,0.11817202934100157,0.004257436277373197,0.0,6.265960941380233e-06
2024-08-23,0.11607974068688703,0.0002854797647500462,0.0,6.39697404439883e-06
2024-08-26,0.11604245567233347,-0.0027510365069851467,0.0,6.403183300115217e-06
2024-08-27,0.11447017583241487,-0.004923186661703299,0.0,6.753957824496028e-06
2024-08-28,0.11401709679322757,-0.005435950452565327,0.0,6.900737805511912e-06
2024-08-29,0.11503753380132098,-0.003134495539680593,0.0,6.603303687577013e-06
2024-08-30,0.11435993184699736,-0.001719808839889675,0.0,6.788275169342056e-06
2024-09-02,0.11542461638863889,-0.0006178392836945767,0.0,6.5158499476291705e-06
2024-09-03,0.11480124458004164,0.00033106874762676985,0.0,6.661469725117481e-06
2024-09-04,0.11302232372384094,-0.0009947730693866258,0.0,7.297114455456955e-06
2024-09-05,0.11425509207650457,-0.0007824417248164101,0.0,6.824435859114816e-06
2024-09-06,0.1153205228682734,0.0009605910212760471,0.0,6.538043995415797e-06
2024-09-09,0.11570469705228054,0.00028008066364164363,0.0,6.460282853761568e-06
2024-09-10,0.11639362811808657,0.0015923835380449308,0.0,6.355132992212206e-06
2024-09-11,0.11675486497159583,0.003732541247754892,0.0,6.315761115002649e-06
2024-09-12,0.11753041399048775,0.0032753219139831785,0.0,6.268224609130745e-06
2024-09-13,0.11816264752922387,0.0028421246609504625,0.0,6.265357000902343e-06
2024-09-16,0.11768199251690474,0.001977295464624204,0.0,6.26443796293477e-06
2024-09-17,0.1152290334696951,-0.0011645946483914704,0.0,6.555680775109735e-06
2024-09-18,0.1161282713503314,-0.0006265936212644374,0.0,6.391107404682151e-06
2024-09-19,0.11718044108315394,-0.00034997290733380926,0.0,6.283872699337522e-06
2024-09-20,0.11962420126137396,0.0014615537321500949,0.0,6.383420547691034e-06
2024-09-23,0.12193088024484264,0.004248887727937897,0.0,6.9518154914051075e-06
2024-09-24,0.12312943152402436,0.007900398054329266,0.0,7.46812361204736e-06
2024-09-25,0.12420996148071997,0.008081690130388577,0.0,8.093304669612837e-06
2024-09-26,0.12433652008532138,0.0071560790021674425,0.0,8.181080276580566e-06
2024-09-27,0.12376265544075521,0.004138454179381246,0.0,7.819181001393987e-06
2024-09-30,0.12798095754088382,0.006050077296041179,0.0,1.2037349545831143e-05
2024-10-01,0.1276804983153493,0.0045510667913249425,0.0,1.1618798602214412e-05
2024-10-02,0.12340180355675716,-0.0008081579239628128,0.0,7.634136482133904e-06
2024-10-03,0.12609989412384773,0.0017633740385263469,0.0,9.652050459917545e-06
2024-10-04,0.12917948851367042,0.005416833072915211,0.0,1.4205065728121834e-05
2024-10-07,0.13420963444103398,0.006228676900150165,1.0,3.472405110270771e-05
2024-10-08,0.13534771773954146,0.0076672194241921565,1.0,4.5061522869369906e-05
2024-10-09,0.1312467253433175,0.007844921786560335,0.0,2.0176136461183412e-05
2024-10-10,0.1286642996162391,0.0025644054923913695,0.0,1.330245811274188e-05
2024-10-11,0.12950106251764804,0.00032157400397761493,0.0,1.4929528698082737e-05
2024-10-14,0.13052883755142589,-0.0036807968896080956,0.0,1.753668149525108e-05
2024-10-15,0.12774049631339904,-0.007607221426142424,0.0,1.1751309271337987e-05
2024-10-16,0.13016419461691175,-0.0010825307264057393,0.0,1.6508024463694083e-05
2024-10-17,0.12989801615644334,0.0012337165402042383,0.0,1.5889709460747013e-05
2024-10-18,0.12896299992152035,-0.0005380625961276808,0.0,1.3830167014037586e-05
2024-10-21,0.1272358761381919,-0.0032929614132339857,0.0,1.101552337360582e-05
2024-10-22,0.12159455104097955,-0.00614594527241949,0.0,6.858740385375229e-06
2024-10-23,0.12416880139539001,-0.005995393221521747,0.0,8.063052838852865e-06
2024-10-24,0.12513250226602596,-0.004765513890417378,0.0,8.772673657431277e-06
2024-10-25,0.12025924616047518,-0.00870375376104518,0.0,6.5017859475564855e-06
2024-10-28,0.12192088899555564,-0.005314987142636257,0.0,6.94879550338696e-06
2024-10-29,0.12534966075936,0.003755109718380445,0.0,8.947159749848562e-06
2024-10-30,0.12613247274770314,0.001963671352313137,0.0,9.694067907520751e-06
2024-10-31,0.12598399528351567,0.0008514930174897128,0.0,9.54941758860793e-06
2024-11-01,0.11306602141222842,-0.007193224748246754,0.0,7.291815846946726e-06
2024-11-04,0.11071259331979157,-0.011208295675764077,0.0,8.729645174749904e-06
2024-11-05,0.11038489298502885,-0.014964767774331145,0.0,9.012700115849165e-06
2024-11-06,0.11284869344311471,-0.013283779304588433,0.0,7.3902843241660435e-06
2024-11-07,0.11113205413009543,-0.014851941153420242,0.0,8.408401521008924e-06
2024-11-08,0.11309950248170313,3.348106947470564e-05,0.0,7.27100534684572e-06
2024-11-11,0.1193626349695082,0.008650041649716639,0.0,6.3536770348174335e-06
2024-11-12,0.1169293176932871,0.006544424708258251,0.0,6.300827404813878e-06
2024-11-13,0.11898795145052207,0.006139258007407361,0.0,6.310555654452108e-06
2024-11-14,0.11709017765175757,0.00595812352166214,0.0,6.289083429806775e-06
2024-11-15,0.11867410029428355,0.00557459781258042,0.0,6.286851920156055e-06
2024-11-18,0.11863340275064788,-0.000729232218860329,0.0,6.2843635929855436e-06
2024-11-19,0.11912645420114436,0.0021971365078572586,0.0,6.32349189614371e-06
2024-11-20,0.12058316257095984,0.00159521112043777,0.0,6.559208878049769e-06
2024-11-21,0.11896756003783225,0.001877382386074683,0.0,6.309902231731569e-06
2024-11-22,0.11850078086658182,-0.00017331942770172637,0.0,6.2773193438961545e-06
2024-11-25,0.11990391077069051,0.0012705080200426377,0.0,6.42628089491323e-06
2024-11-26,0.12486230508522546,0.005735850884081101,0.0,8.549655303698548e-06
2024-11-27,0.12589428112454912,0.005311118553589275,0.0,9.453934713215507e-06
2024-11-28,0.12414923766596574,0.005181677628133485,0.0,8.064843646007913e-06
2024-11-29,0.12136652256754171,0.0028657417009598923,0.0,6.773398252322643e-06
2024-12-02,0.12186124854818786,0.0019573377774973477,0.0,6.928894069356299e-06
2024-12-03,0.12339330966325858,-0.0014689954219668788,0.0,7.604884271150553e-06
2024-12-04,0.12572671453488038,-0.00016756658966873839,0.0,9.288356365247212e-06
2024-12-05,0.12545866358369906,0.0013094259177333228,0.0,9.056241326154453e-06
2024-12-06,0.12635612958053052,0.0049896070129888115,0.0,9.929866263792616e-06
2024-12-09,0.12766020675590675,0.005798958207718891,0.0,1.1572427200422434e-05
2024-12-10,0.1296939495107442,0.00630063984748562,0.0,1.5349943437088596e-05
2024-12-11,0.127326145827582,0.0015994312927016252,0.0,1.1147576096545141e-05
2024-12-12,0.12579218179785256,0.00033351821415350535,0.0,9.372818670810747e-06
2024-12-13,0.13199315754340157,0.00563702796287105,0.0,2.2457060490825895e-05
2024-12-16,0.13489355314880963,0.0072333463929028785,1.0,4.041808616392476e-05
2024-12-17,0.13487126230845922,0.005177312797715022,1.0,4.0716703426549025e-05
2024-12-18,0.1352690586258203,0.007942912798238305,1.0,4.445654194154631e-05
2024-12-19,0.13542046741351696,0.009628285615664395,1.0,4.6105882425531015e-05
2024-12-20,0.13797550741977835,0.005982349876376775,1.0,8.550173857742663e-05
2024-12-23,0.138143411498738,0.0032498583499283584,1.0,9.16681265499244e-05
2024-12-24,0.13835452204040757,0.0034832597319483516,1.0,9.725643914187791e-05
2024-12-25,0.13926425618579205,0.0039951975599717415,1.0,0.0001246040507612103
2024-12-26,0.1385802024192971,0.003159735005780151,1.0,0.00010544886609943777
2024-12-27,0.13913626894383477,0.0011607615240564195,1.0,0.00012096155201354102
2024-12-30,0.13815538994288018,1.197844414219107e-05,1.0,9.409386074642027e-05
2024-12-31,0.13839369099981597,3.916895940839216e-05,1.0,9.841846754709597e-05
2025-01-01,0.13998016311895267,0.0007159069331606205,1.0,0.00015224440637536893
2025-01-02,0.13653200210122757,-0.002048200318069543,1.0,6.400858521619365e-05
2025-01-03,0.1340359660168506,-0.005100302926984157,1.0,3.463902162027257e-05
2025-01-06,0.130323818770023,-0.007831571172857182,0.0,1.7198115436742722e-05
2025-01-07,0.1327937307010555,-0.005599960298760476,0.0,2.6204609404873605e-05
2025-01-08,0.12963283258434796,-0.01034733053460471,0.0,1.536241554446751e-05
2025-01-09,0.12856391288741145,-0.007968089213816115,0.0,1.3076757528759434e-05
2025-01-10,0.12724362104250042,-0.00679234497435019,0.0,1.1020036614834723e-05
2025-01-13,0.12545175597834593,-0.004872062791677068,0.0,9.061001647162656e-06
2025-01-14,0.12408028746186184,-0.008713443239193652,0.0,8.018423113323742e-06
2025-01-15,0.1189783976003022,-0.010654434984045766,0.0,6.317218229517934e-06
2025-01-16,0.12864169939010653,7.778650269507636e-05,0.0,1.3135021450426286e-05
2025-01-17,0.13090358341782793,0.003659962375327508,0.0,1.862883160687332e-05
2025-01-20,0.12667167692455147,0.0012199209462055438,0.0,1.035046250311732e-05
2025-01-21,0.12323759786836834,-0.000842689593493498,0.0,7.5408091073200785e-06
2025-01-22,0.12055613127195633,0.001577733671654133,0.0,6.558655241158756e-06
2025-01-23,0.12146934835837454,-0.0071723510317319855,0.0,6.797844741975746e-06
2025-01-24,0.12379178259872613,-0.007111800819101802,0.0,7.828890724163684e-06
2025-01-27,0.12388692754625343,-0.0027847493782980487,0.0,7.891519508700355e-06
2025-01-28,0.1285415467038065,0.005303948835438152,0.0,1.296982664305443e-05
2025-01-29,0.12676194451854514,0.006205813246588809,0.0,1.0416137759833417e-05
2025-01-30,0.12787494095938412,0.006405592601009577,0.0,1.1895511337140367e-05
2025-01-31,0.12603192322946233,0.002240140630736201,0.0,9.611764138116245e-06
2025-02-03,0.12501179437446178,0.0011248668282083513,0.0,8.685004315665635e-06
2025-02-04,0.1265417015403484,-0.0019998451634580805,0.0,1.0131565255271448e-05
2025-02-05,0.12449113526614528,-0.0022708092523998635,0.0,8.299220791533866e-06
2025-02-06,0.12500316094354572,-0.0028717800158384044,0.0,8.670299218353885e-06
2025-02-07,0.12690778710289566,0.0008758638734333302,0.0,1.0560464379903037e-05
2025-02-10,0.12720222833345787,0.0021904339589960964,0.0,1.0946570320227103e-05
2025-02-11,0.13036369360562147,0.003821992065273061,0.0,1.702961662276968e-05
2025-02-12,0.12846109038096173,0.003969955114816459,0.0,1.2909649762735883e-05
2025-02-13,0.12635890199098046,0.0013557410474347442,0.0,9.959299022249731e-06
2025-02-14,0.1297380450955363,0.002830257992640639,0.0,1.543576059537683e-05
2025-02-17,0.1276359197577605,0.00043369142430263463,0.0,1.15811703027726e-05
2025-02-18,0.12795245778041153,-0.0024112358252099397,0.0,1.2024296284302782e-05
2025-02-19,0.12683097873331542,-0.0016301116476463151,0.0,1.0491743635869308e-05
2025-02-20,0.1264126888449625,5.378685398205185e-05,0.0,1.000113364037279e-05
2025-02-21,0.12410538995571915,-0.005632655139817144,0.0,8.039659978851951e-06
2025-02-24,0.12453905869171272,-0.0030968610660477847,0.0,8.32103119434686e-06
2025-02-25,0.12341080409612146,-0.004541653684290076,0.0,7.621621804724735e-06
2025-02-26,0.12583967758004208,-0.0009913011532733385,0.0,9.395256298806748e-06
2025-02-27,0.12328233983870263,-0.003130349006259886,0.0,7.559074221482932e-06
2025-02-28,0.12052656195918335,-0.003578827996535805,0.0,6.552163516304722e-06
2025-03-03,0.12195543172053203,-0.002583626971180697,0.0,6.961494033670486e-06
2025-03-04,0.12147543392566426,-0.0019353701704571957,0.0,6.801638203750716e-06
2025-03-05,0.12020453994347038,-0.0056351376365716965,0.0,6.482302476765136e-06
2025-03-06,0.1194067794234599,-0.003875560415242729,0.0,6.355559197479192e-06
2025-03-07,0.12106437597834176,0.0005378140191584085,0.0,6.678932446250755e-06
2025-03-10,0.12013573295540418,-0.0018196987651278446,0.0,6.468763248115487e-06
2025-03-11,0.11802887601277783,-0.003446557912886436,0.0,6.264108601886513e-06
2025-03-12,0.11764169380481475,-0.002562846138655636,0.0,6.2652006138302195e-06
2025-03-13,0.11862405988176472,-0.000782719541695176,0.0,6.283719398272497e-06
2025-03-14,0.11562718954918906,-0.005437186429152696,0.0,6.473510132273032e-06
2025-03-17,0.11386851487789038,-0.006267218077513806,0.0,6.951649171422468e-06
2025-03-18,0.11344133116267775,-0.004587544850100073,0.0,7.117665142759893e-06
2025-03-19,0.1130008558432949,-0.004640837961519845,0.0,7.309254774511754e-06
2025-03-20,0.11268698496273633,-0.005937074919028396,0.0,7.460620481747187e-06
2025-03-21,0.10814792987566063,-0.0074792596735284295,0.0,1.153764882833251e-05
2025-03-24,0.10857070541433674,-0.0052978094635536405,0.0,1.0986475582669333e-05
2025-03-25,0.10962308594898697,-0.003818245213690785,0.0,9.751197225235128e-06
2025-03-26,0.11197741313299857,-0.001023442710296335,0.0,7.86187908895309e-06
2025-03-27,0.11157679765158897,-0.0011101873111473565,0.0,8.102711162010875e-06
2025-03-28,0.11194346076608348,0.003795530890422852,0.0,7.873278709238557e-06
2025-03-31,0.11222991833907019,0.0036592129247334515,0.0,7.705587264106314e-06
2025-04-01,0.11268983671880367,0.0030667507698167035,0.0,7.461242620456298e-06
2025-04-02,0.11223833896189887,0.0002609258289003047,0.0,7.69867694580114e-06
2025-04-03,0.11064943002502323,-0.0009273676265657421,0.0,8.78334957451497e-06
2025-04-04,0.11738383466596883,0.005440373899885345,0.0,6.284151411171452e-06
2025-04-07,0.116504186122305,0.004274267783234809,0.0,6.3412971188535505e-06
2025-04-08,0.11311448548381668,0.00042464876501301096,0.0,7.253929090845174e-06
2025-04-09,0.11474002265389974,0.002501683692000864,0.0,6.68127623821306e-06
2025-04-10,0.11130562701330943,0.0006561969882862007,0.0,8.28012898463311e-06
2025-04-11,0.11128329586962196,-0.006100538796346866,0.0,8.304996894679538e-06
2025-04-14,0.11088196284749274,-0.005622223274812252,0.0,8.601932961664888e-06
2025-04-15,0.10727753550289448,-0.005836949980922199,0.0,1.293843760494966e-05
2025-04-16,0.11210601891042421,-0.002634003743475527,0.0,7.803369951758721e-06
2025-04-17,0.11306992786694187,0.001764300853632439,0.0,7.281258838195716e-06
2025-04-18,0.11384139310774381,0.002558097238121851,0.0,6.965334139823435e-06
2025-04-21,0.11469600709275896,0.0038140442452662127,0.0,6.6919574587712854e-06
2025-04-22,0.1148094912955867,0.00753195579269221,0.0,6.660100439779661e-06
2025-04-23,0.11689121222771091,0.004785193317286704,0.0,6.305211768240937e-06
2025-04-24,0.1182010024842088,0.005131074617266931,0.0,6.266390275865051e-06
2025-04-25,0.11848785118800982,0.004646458080266008,0.0,6.276510004627466e-06
2025-04-28,0.11656167557437813,0.001865668481619176,0.0,6.334875262714945e-06
2025-04-29,0.11836349536966731,0.003554004074080616,0.0,6.271531753168257e-06
2025-04-30,0.11680680297987214,-8.44092478387709e-05,0.0,6.310690329717821e-06
2025-05-01,0.1186794091766093,0.0004784066924004987,0.0,6.287279208407537e-06
2025-05-02,0.11717387580829812,-0.0013139753797117015,0.0,6.283803265201373e-06
2025-05-05,0.11546897318993737,-0.001092702384440758,0.0,6.504488443804743e-06
2025-05-06,0.11607896450354246,-0.0022845308661248453,0.0,6.3981462254186715e-06
2025-05-07,0.11738147170810177,0.0005746687282296298,0.0,6.2738922369503095e-06
2025-05-08,0.1174678908986206,-0.0012115182779886963,0.0,6.270053897097229e-06
2025-05-09,0.11603465200127795,-0.0011392238070201677,0.0,6.403813950228527e-06
2025-05-12,0.11416981993949966,-0.0012991532504377096,0.0,6.847792822116408e-06
2025-05-13,0.1145572451503836,-0.001521719353158868,0.0,6.7305253238209315e-06
2025-05-14,0.11531220726281774,-0.002069264445284033,0.0,6.5394214446582326e-06
2025-05-15,0.11559179410168098,-0.0018760967969396192,0.0,6.481393714906462e-06
2025-05-16,0.11040541574793498,-0.005629236253342967,0.0,8.980928595824294e-06
2025-05-19,0.1085269155139775,-0.005642904425522163,0.0,1.1024889842195798e-05
2025-05-20,0.10788087957099053,-0.006676365579393065,0.0,1.1964675092361644e-05
2025-05-21,0.10722753629391543,-0.008084670968902308,0.0,1.3057414959166787e-05
2025-05-22,0.11671563451197366,0.0011238404102926758,0.0,6.348779318557523e-06
2025-05-23,0.11479288546869665,0.004387469720761664,0.0,6.662916540660078e-06
2025-05-26,0.12543592846410304,0.016909012950125535,0.0,9.01992690630965e-06
2025-05-27,0.12736802125222013,0.0194871416812296,0.0,1.1155543775503505e-05
2025-05-28,0.126881532680571,0.019653996386655576,0.0,1.0546581295688664e-05
2025-05-29,0.12497877976655225,0.008263145254578594,0.0,8.66451648535708e-06
2025-05-30,0.13014006918456217,0.01534718371586552,0.0,1.6410500426435242e-05
2025-06-02,0.12908925603261379,0.0036533275685107502,0.0,1.4086860643565509e-05
2025-06-03,0.1287884234942846,0.0014204022420644669,0.0,1.3477415284376996e-05
2025-06-04,0.12894438220173812,0.002062849521167115,0.0,1.3770799332013177e-05
2025-06-05,0.1295764741898899,0.004597694423337656,0.0,1.510355718020324e-05
2025-06-06,0.13452604904199533,0.004385979857433164,1.0,3.714892682369461e-05
2025-06-09,0.13575779921266934,0.006668543180055553,1.0,4.953069235998972e-05
2025-06-10,0.13564445211552034,0.0068560286212357435,1.0,4.86693918028253e-05
2025-06-11,0.13482560662033072,0.0058812244185925955,1.0,4.053924389092009e-05
2025-06-12,0.13624686974502973,0.006670395555139819,1.0,5.56190624920501e-05
2025-06-13,0.13746286095608073,0.002936811914085402,1.0,7.5528907780603e-05
2025-06-16,0.13882606331915545,0.0030682641064861127,1.0,0.00010906765301124204
2025-06-17,0.14151165170336308,0.005867199587842736,1.0,0.00024018796899928014
2025-06-18,0.14182886152807336,0.007003254907742645,1.0,0.000287011153236133
2025-06-19,0.14259075089785037,0.006343881152820641,1.0,0.00037416721758856745
2025-06-20,0.1416023137529684,0.004139452796887655,1.0,0.0002891936873120875
2025-06-23,0.1412384438419759,0.0024123805228204453,1.0,0.00024696315741602753
2025-06-24,0.14203131827334303,0.0005196665699799541,1.0,0.0003067336759185082
2025-06-25,0.1322300471068547,-0.009598814421218654,0.0,2.8266356407507545e-05
2025-06-26,0.13187715367171438,-0.01071359722613599,0.0,2.2279604396891586e-05
2025-06-27,0.13045171197434596,-0.011150601778622427,0.0,1.7407042572189952e-05
2025-06-30,0.13313439176246983,-0.008104052079506069,1.0,2.799289527964778e-05
2025-07-01,0.1334359536948189,-0.00859536457852414,1.0,2.9926676084297238e-05
2025-07-02,0.13208604997122245,-0.00014399713563226224,0.0,2.3163141063882633e-05
2025-07-03,0.13144567140553376,-0.00043148226618061614,0.0,2.057272902478431e-05
2025-07-04,0.12728435415765094,-0.0031673578166950267,0.0,1.1131318711968886e-05
2025-07-07,0.125079594002292,-0.00805479776017784,0.0,8.74835958249654e-06
2025-07-08,0.12415527804082063,-0.00928067565399826,0.0,8.0648225537391e-06
2025-07-09,0.12005465783513669,-0.012031392136085756,0.0,6.4601849029884155e-06
2025-07-10,0.12029915986844458,-0.011146511537089177,0.0,6.499317379187563e-06
2025-07-11,0.11963258806284044,-0.007651766094810497,0.0,6.385561267815292e-06
2025-07-14,0.11854811290311965,-0.006531481099172343,0.0,6.280034421636863e-06
2025-07-15,0.11722796209058758,-0.006927315950233048,0.0,6.280727818974585e-06
2025-07-16,0.12055968541618288,0.0005050275810461885,0.0,6.553734547851236e-06
2025-07-17,0.11803093215999175,-0.0022682277084528357,0.0,6.264498653944123e-06
2025-07-18,0.11756025388865894,-0.0020723341741814977,0.0,6.267153532250478e-06
2025-07-21,0.1175511634144672,-0.0009969494886524488,0.0,6.26741598884651e-06
2025-07-22,0.11626280623269608,-0.0009651558578915032,0.0,6.371065380217894e-06
2025-07-23,0.11798879317594624,-0.0025708922402366413,0.0,6.263330662935142e-06
2025-07-24,0.12101260723045643,0.002981675070464679,0.0,6.664587858304283e-06
2025-07-25,0.1182789556997148,0.0007187018110558635,0.0,6.270088738825997e-06
2025-07-28,0.11709934083343614,-0.0004518225810310611,0.0,6.288312532131537e-06
2025-07-29,0.1150200728991423,-0.0012427333335537777,0.0,6.604752664386785e-06
2025-07-30,0.11451966435340524,-0.0034691288225409955,0.0,6.7403103406026295e-06
2025-07-31,0.11472074313605522,-0.006291864094401203,0.0,6.684141303900856e-06
2025-08-01,0.11271014338368948,-0.005568812316025323,0.0,7.44587594645826e-06
2025-08-04,0.11406872594174351,-0.0030306148916926234,0.0,6.88642256093913e-06
2025-08-05,0.11422302298058382,-0.0007970499185584873,0.0,6.8327827104078e-06
2025-08-06,0.11352086231804037,-0.0009988020353648708,0.0,7.085055860138059e-06
2025-08-07,0.11436150095810399,-0.0003592421779512328,0.0,6.790054460255861e-06
2025-08-08,0.11430928787703694,0.001599144493347457,0.0,6.804900530601272e-06
2025-08-11,0.11777589689632088,0.0037071709545773712,0.0,6.265494234830277e-06
2025-08-12,0.11777802561186286,0.0035550026312790445,0.0,6.263134841911636e-06
2025-08-13,0.12057086256989494,0.007050000251854566,0.0,6.556162212260455e-06
2025-08-14,0.11171744978801482,-0.0026440511700891733,0.0,8.004541038682885e-06
2025-08-15,0.11256411550215764,-0.0017451723748792974,0.0,7.526543223440909e-06
2025-08-18,0.11004875895241202,-0.007727137943908863,0.0,9.308673250908195e-06
2025-08-19,0.1145593819982726,-0.003218643613590255,0.0,6.7413680300918495e-06
2025-08-20,0.11466475496888845,-0.005906107601006488,0.0,6.699564383007207e-06
2025-08-21,0.11204145189628938,0.0003240021082745598,0.0,7.807425263831318e-06
2025-08-22,0.11152563025443427,-0.0010384852477233752,0.0,8.136254384377508e-06
2025-08-25,0.11756048558818234,0.007511726635770322,0.0,6.275267185757839e-06
2025-08-26,0.11750024232630654,0.002940860328033937,0.0,6.268979984803968e-06
2025-08-27,0.12244052590999153,0.007775770941103086,0.0,7.148954722643387e-06
2025-08-28,0.11928546153221554,0.0072440096359261685,0.0,6.344178051948686e-06
2025-08-29,0.12174528780963298,0.010219657555198713,0.0,6.88669860929481e-06
2025-09-01,0.12055470382522457,0.002994218237042226,0.0,6.555369164411416e-06
2025-09-02,0.124403635634469,0.0069033933081624616,0.0,8.218067625984505e-06
2025-09-03,0.13118894602527378,0.008748420115282249,0.0,1.948164053513677e-05
2025-09-04,0.12596842719659215,0.006682965664376608,0.0,9.598457686903902e-06
2025-09-05,0.12549001898814338,0.003744731178510402,0.0,9.08584021092689e-06
2025-09-08,0.12718287127112857,0.0066281674459039985,0.0,1.0910208259334415e-05
2025-09-09,0.12250587014746636,-0.0018977654870026422,0.0,7.199490672904559e-06
2025-09-10,0.12128692114964806,-0.00990202487562572,0.0,6.745679106269829e-06
2025-09-11,0.12181491568536362,-0.00415351151122853,0.0,6.9125483809143145e-06
2025-09-12,0.1198146097076747,-0.005675409280468682,0.0,6.41467626900111e-06
2025-09-15,0.1202255042458347,-0.00695736702529387,0.0,6.4846070480644515e-06
2025-09-16,0.12202519384563962,-0.0004806763018267435,0.0,6.986718287953338e-06
2025-09-17,0.12671618415227764,0.005429263002629581,0.0,1.0319476755415397e-05
2025-09-18,0.12435380905462351,0.002538893369259887,0.0,8.205400657997909e-06
2025-09-19,0.12245852821555306,0.0026439185078783595,0.0,7.166068396661585e-06
2025-09-22,0.11843651656847827,-0.0017889876773564267,0.0,6.278088073040801e-06
2025-09-23,0.11903743546786161,-0.0029877583777780103,0.0,6.314922236712916e-06
2025-09-24,0.11662118202021082,-0.010095002132066822,0.0,6.3287206193820225e-06
2025-09-25,0.11618302761099877,-0.008170781443624736,0.0,6.38227937712049e-06
2025-09-26,0.11527401593033224,-0.007184512285220823,0.0,6.546202025191477e-06
2025-09-29,0.11249668081961069,-0.0059398357488675835,0.0,7.553974189264919e-06
2025-09-30,0.11217299771607148,-0.006864437751790131,0.0,7.736020573945537e-06
2025-10-01,0.11224153816978197,-0.004379643850428855,0.0,7.698350937687787e-06
2025-10-02,0.1128020130969585,-0.0033810145140402703,0.0,7.4060526046010806e-06
2025-10-03,0.11336816636712002,-0.001905849563212214,0.0,7.1500154977032075e-06
2025-10-06,0.11347418127895811,0.0009775004593474274,0.0,7.105324273586468e-06
2025-10-07,0.11447525873383789,0.0023022610177664132,0.0,6.755729848068487e-06
2025-10-08,0.11313319376462849,0.0008916555948465243,0.0,7.24769478485688e-06
2025-10-09,0.11431358644314248,0.0015115733461839725,0.0,6.805708200846827e-06
2025-10-10,0.11202941694756977,-0.0013387494195502558,0.0,7.815074005563896e-06
2025-10-13,0.10741223345546279,-0.006061947823495326,0.0,1.2697585121254163e-05
2025-10-14,0.10638519184332684,-0.008090066890511047,0.0,1.4728602146634751e-05
2025-10-15,0.10712124087563774,-0.006011952888990757,0.0,1.3275123990039718e-05
2025-10-16,0.10715781793665774,-0.007155768506484736,0.0,1.3195024897128689e-05
2025-10-17,0.10657030035218601,-0.005459116595383756,0.0,1.4339217074880265e-05
2025-10-20,0.10994735191592803,0.0025351184604652383,0.0,9.449207711599775e-06
2025-10-21,0.10941041584725063,0.003025224003923785,0.0,9.966302115174799e-06
2025-10-22,0.11688525557078917,0.009764014695151438,0.0,6.320126103097745e-06
2025-10-23,0.11821673111465025,0.011058913177992513,0.0,6.26684716363379e-06
2025-10-24,0.11551163679318267,0.008941336440996664,0.0,6.495838797699713e-06
2025-10-27,0.11241428608182187,0.0024669341658938443,0.0,7.597321334766096e-06
2025-10-28,0.11407100527010226,0.004660589422851635,0.0,6.886372414830821e-06
2025-10-29,0.11624643450869354,-0.0006388210620956319,0.0,6.375997671595537e-06
2025-10-30,0.12343223888281576,0.0052155077681655115,0.0,7.622948619867151e-06
2025-10-31,0.1244460250945943,0.008934388301411633,0.0,8.253392749675019e-06
2025-11-03,0.11935025116430865,0.0069359650824867836,0.0,6.356521737459835e-06
2025-11-04,0.11981911000652497,0.0057481047364227045,0.0,6.412918917258241e-06
2025-11-05,0.11697154576380164,0.0007251112551081018,0.0,6.2978474252977664e-06
2025-11-06,0.11750752976289583,-0.005924709119919935,0.0,6.268846360339192e-06
2025-11-07,0.12104160822019303,-0.003404416874401281,0.0,6.672378508528293e-06
2025-11-10,0.12049374222692917,0.0011434910626205164,0.0,6.540946414116411e-06
2025-11-11,0.11993864275312872,0.00011953274660375657,0.0,6.4332511451112646e-06
2025-11-12,0.12172961706372264,0.004758071299920993,0.0,6.881807710929437e-06
2025-11-13,0.12154126940940885,0.004033739646513018,0.0,6.8220395629005165e-06
2025-11-14,0.1215421490312049,0.0005005408110118764,0.0,6.822038021461164e-06
2025-11-17,0.11448622355147113,-0.00600751867545804,0.0,6.751157369817306e-06
2025-11-18,0.11408734475740687,-0.0058512979957218575,0.0,6.876831528844416e-06
2025-11-19,0.11540942938480989,-0.00632018767891275,0.0,6.519402484071301e-06
2025-11-20,0.11745308367945949,-0.004088185729949359,0.0,6.271641954858325e-06
2025-11-21,0.11790243120754029,-0.0036397178236646094,0.0,6.262575106551232e-06
2025-11-24,0.11813970836046105,0.0036534848089899152,0.0,6.264867064595544e-06
2025-11-25,0.11884606553094325,0.004758720773536382,0.0,6.298708568525794e-06
2025-11-26,0.11957861445368786,0.004169185068877979,0.0,6.3771299980545016e-06
2025-11-27,0.12441862904619962,0.006965545366740128,0.0,8.22735852564595e-06
2025-11-28,0.12224871456515306,0.004346283357612765,0.0,7.0807188562072855e-06
2025-12-01,0.12147532804572737,0.003335619685266328,0.0,6.802166196211676e-06
2025-12-02,0.12623015854015807,0.007384093009214818,0.0,9.78074720390489e-06
2025-12-03,0.1260392894563404,0.006460675002652544,0.0,9.605135087221134e-06
2025-12-04,0.12453305180512558,0.00011442275892596665,0.0,8.325775382767786e-06
2025-12-05,0.12161839222380283,-0.0006303223413502285,0.0,6.853783910438473e-06
2025-12-08,0.1210908939300258,-0.00038443411570157626,0.0,6.688468422748921e-06
2025-12-09,0.12479942679638374,-0.0014307317437743244,0.0,8.503499642548763e-06
2025-12-10,0.13929194604533313,0.013252656588992717,1.0,0.00011829811896896844
2025-12-11,0.14827224359146077,0.023739191786335184,1.0,0.0025085212644579166
2025-12-12,0.1540994782914811,0.03248108606767827,1.0,0.07149953222023199
2025-12-15,0.16027345956726213,0.039182565637236336,1.0,0.97171792663592
2025-12-16,0.16505560835858527,0.04025618156220152,1.0,0.999994689291786
2025-12-17,0.19102150944484442,0.05172956339951129,1.0,0.999999999999998
2025-12-18,0.19300818855193452,0.044735944960473756,1.0,0.9999999999999997
2025-12-19,0.19862025148983728,0.04452077319835618,1.0,1.0
2025-12-22,0.2162289114674651,0.05595545190020296,1.0,1.0
2025-12-23,0.2444844804815029,0.07942887212291763,1.0,1.0
2025-12-24,0.28622813722817886,0.09520662778333444,1.0,1.0
2025-12-25,0.3062421348683118,0.11323394631637729,1.0,1.0
2025-12-26,0.3082919353288669,0.10967168383902962,1.0,1.0
2025-12-29,0.31764474610146937,0.10141583463400428,1.0,1.0
2025-12-30,0.318611975151036,0.07412749466953311,1.0,1.0
2025-12-31,0.31772042710831244,0.031492289880133584,1.0,1.0
2026-01-01,0.32782843789415533,0.021586303025843523,1.0,1.0
2026-01-02,0.3307714167588885,0.022479481430021597,1.0,1.0
2026-01-05,0.33522432844091565,0.017579582339446287,1.0,1.0
2026-01-06,0.3495028097797126,0.03089083462867659,1.0,1.0
2026-01-07,0.35071519617067864,0.0329947690623662,1.0,1.0
2026-01-08,0.355745317300356,0.02791687940620069,1.0,1.0
2026-01-09,0.3764783290318324,0.045706912272943934,1.0,1.0
2026-01-12,0.3813516342963647,0.04612730585544905,1.0,1.0
2026-01-13,0.38196346051848,0.032460650738767416,1.0,1.0
2026-01-14,0.38375267072067176,0.03303747454999312,1.0,1.0
2026-01-15,0.38762751638013077,0.03188219907977474,1.0,1.0
2026-01-16,0.3896511581582291,0.013172829126396668,1.0,1.0
2026-01-19,0.4022972732306792,0.020945638934314503,1.0,1.0
2026-01-20,0.4037328210522058,0.0217693605337258,1.0,1.0
2026-01-21,0.4127541008400041,0.029001430119332317,1.0,1.0
2026-01-22,0.4345018932555445,0.04687437687541374,1.0,1.0
2026-01-23,0.439920984997749,0.050269826839519915,1.0,1.0
2026-01-26,0.44783313665798075,0.04553586342730154,1.0,1.0
2026-01-27,0.4720096513192935,0.0682768302670877,1.0,1.0
2026-01-28,0.4701404382642319,0.05738633742422783,1.0,1.0
2026-01-29,0.4748023688142163,0.04030047555867178,1.0,1.0
2026-01-30,0.48183827222510556,0.04191728722735655,1.0,1.0
2026-02-02,0.4905323526640162,0.042699216006035434,1.0,1.0
2026-02-03,0.49470054871111885,0.022690897391825338,1.0,1.0
2026-02-04,0.5000166862933935,0.029876248029161556,1.0,1.0
2026-02-05,0.5146681337696012,0.03986576495538491,1.0,1.0
2026-02-06,0.5159218605624751,0.034083588337369575,1.0,1.0
2026-02-09,0.5278106886832616,0.03727833601924546,1.0,1.0
2026-02-10,0.5414163180483114,0.046715769337192514,1.0,1.0
2026-02-11,0.5594727191129965,0.05945603281960299,1.0,1.0
2026-02-12,0.5615887803922149,0.04692064662261375,1.0,1.0
2026-02-13,0.5835648908053658,0.06764303024289064,1.0,1.0
2026-02-16,0.5921143524991775,0.0643036638159159,1.0,1.0
2026-02-17,0.6042584997319469,0.06284218168363553,1.0,1.0
2026-02-18,0.6182057332831026,0.058733014170106124,1.0,1.0
2026-02-19,0.6349204793520338,0.07333169895981884,1.0,1.0
2026-02-20,0.6540047237308345,0.07043983292546874,1.0,1.0
2026-02-23,0.6722921501883721,0.08017779768919453,1.0,1.0
2026-02-24,0.6882918075329335,0.08403330780098661,1.0,1.0
2026-02-25,0.6958232240885539,0.07761749080545133,1.0,1.0
2026-02-26,0.699304081519411,0.06438360216737726,1.0,1.0
2026-02-27,0.7005886604468209,0.046583936715986374,1.0,1.0
2026-03-02,0.7057995562205134,0.03350740603214131,1.0,1.0
2026-03-03,0.7123712117621356,0.024079404229202073,1.0,1.0
2026-03-04,0.7071238164083584,0.011300592319804514,1.0,1.0
2026-03-05,0.7164744030250889,0.017170321505677877,1.0,1.0
2026-03-06,0.7187074492970129,0.018118788850192025,1.0,1.0
2026-03-09,0.7382906297661286,0.0324910735456152,1.0,1.0
2026-03-10,0.7491326340026125,0.03676142224047696,1.0,1.0
2026-03-11,0.7375130942276544,0.030389277819296012,1.0,1.0
2026-03-12,0.7359410135702935,0.0194666105452046,1.0,1.0
2026-03-13,0.7350813496780995,0.016373900381086548,1.0,1.0
2026-03-16,0.7340079911957309,-0.004282638570397679,1.0,1.0
2026-03-17,0.7476810270007642,-0.0014516070018483207,1.0,1.0
2026-03-18,0.7346587057428655,-0.0028543884847889167,1.0,1.0
2026-03-19,0.7384582987242654,0.002517285153971871,1.0,1.0
2026-03-20,0.7391341588102185,0.0040528091321190285,1.0,1.0
2026-03-23,0.7280378865051437,-0.00597010469058723,1.0,1.0
2026-03-24,0.7292187710824218,-0.018462255918342385,1.0,1.0
2026-03-25,0.7328369422608563,-0.001821763482009242,1.0,1.0
2026-03-26,0.7308694721490351,-0.007588826575230301,1.0,1.0
2026-03-27,0.7370047759959693,-0.0021293828142492366,1.0,1.0
2026-03-30,0.7529811345876903,0.024943248082546665,1.0,1.0
2026-03-31,0.7495171639661968,0.020298392883774996,1.0,1.0
2026-04-01,0.7569879244119809,0.024150982151124656,1.0,1.0
2026-04-02,0.7556694868215041,0.024800014672469062,1.0,1.0
2026-04-03,0.7574527002403941,0.020447924244424875,1.0,1.0
2026-04-06,0.7548191964062868,0.0018380618185964703,1.0,1.0
2026-04-07,0.7562601355458459,0.006742971579649093,1.0,1.0
2026-04-08,0.7580554483066007,0.0010675238946197263,1.0,1.0
2026-04-09,0.7551504131164313,-0.00051907370507287,1.0,1.0
2026-04-10,0.7491121665509557,-0.008340533689438434,1.0,1.0
2026-04-13,0.7382374774859748,-0.016581718920312016,1.0,1.0
2026-04-14,0.7341221344035804,-0.022138001142265495,1.0,1.0
2026-04-15,0.722970252839965,-0.03508519546663569,1.0,1.0
2026-04-16,0.7064889735154553,-0.04866143960097602,1.0,1.0
2026-04-17,0.6957458894089422,-0.053366277142013474,1.0,1.0
2026-04-20,0.6876907502922335,-0.050546727193741314,1.0,1.0
2026-04-21,0.6720477500104546,-0.06207438439312585,1.0,1.0
2026-04-22,0.6641358279204539,-0.058834424919511075,1.0,1.0
2026-04-23,0.6552960165808601,-0.051192956934595135,1.0,1.0
2026-04-24,0.6471878820649788,-0.04855800734396343,1.0,1.0
2026-04-27,0.6349094939173378,-0.052781256374895724,1.0,1.0
2026-04-28,0.6343512104079245,-0.037696539602530055,1.0,1.0
2026-04-29,0.626700372511595,-0.03743545540885884,1.0,1.0
2026-04-30,0.6126091537788614,-0.04268686280199874,1.0,1.0
2026-05-01,0.6136058109662148,-0.03358207109876399,1.0,1.0
2026-05-04,0.6074733076891192,-0.02743618622821853,1.0,1.0
2026-05-05,0.5873908296462012,-0.046960380761723375,1.0,1.0
2026-05-06,0.5734170784505993,-0.053283294060995745,1.0,1.0
2026-05-07,0.5643120875285478,-0.0482970662503136,1.0,1.0
2026-05-08,0.5487644891184988,-0.06484132184771596,1.0,1.0
2026-05-11,0.5410906501070837,-0.06638265758203554,1.0,1.0
2026-05-12,0.538507935298353,-0.048882894347848205,1.0,1.0
2026-05-13,0.5356080677213951,-0.03780901072920417,1.0,1.0
2026-05-14,0.5289718187891056,-0.03534026873944218,1.0,1.0
2026-05-15,0.523381691695762,-0.025382797422736858,1.0,1.0
2026-05-18,0.5205350378700624,-0.020555612237021292,1.0,1.0
2026-05-19,0.5152099275421569,-0.02329800775619606,1.0,1.0
2026-05-20,0.5099915854840719,-0.025616482237323268,1.0,1.0
2026-05-21,0.5014216168210507,-0.02755020196805491,1.0,1.0
2026-05-22,0.5007520037009724,-0.022629687994789593,1.0,1.0
2026-05-25,0.49880847341808643,-0.02172656445197596,1.0,1.0
2026-05-26,0.48759214010221225,-0.02761778743994464,1.0,1.0
2026-05-27,0.48418512797899105,-0.025806457505080815,1.0,1.0
2026-05-28,0.4718718940953656,-0.029549722725685068,1.0,1.0
2026-05-29,0.460842277794547,-0.039909725906425386,1.0,1.0
2026-06-01,0.4226080234642698,-0.07620044995381664,1.0,1.0
2026-06-02,0.3835711843152715,-0.10402095578694076,1.0,1.0
2026-06-03,0.3832818082561536,-0.10090331972283745,1.0,1.0
2026-06-04,0.3813528348844428,-0.09051905921092279,1.0,1.0
2026-06-05,0.38067553233804136,-0.08016674545650565,1.0,1.0
2026-06-08,0.36995707003591033,-0.05265095342835946,1.0,1.0
2026-06-09,0.3088945597623794,-0.07467662455289209,1.0,1.0
2026-06-10,0.30716207552063746,-0.07611973273551614,1.0,1.0
2026-06-11,0.2824038341311211,-0.09894900075332175,1.0,1.0
2026-06-12,0.27446668951530984,-0.10620884282273152,1.0,1.0
2026-06-15,0.27092207029876714,-0.09903499973714319,1.0,1.0
2026-06-16,0.25822478424500894,-0.05066977551737045,1.0,1.0
2026-06-17,0.24065433456437002,-0.06650774095626744,1.0,1.0
2026-06-18,0.2374260381666143,-0.04497779596450677,1.0,1.0
2026-06-19,0.21528344597216004,-0.0591832435431498,1.0,1.0
2026-06-22,0.16277613939547306,-0.10814593090329408,1.0,0.9999959419062846
2026-06-23,0.16326347289848703,-0.09496131134652191,1.0,0.9999969380994943
2026-06-24,0.13310378828599312,-0.1075505462783769,1.0,0.7256943121096566
2026-06-25,0.13377081103806343,-0.10365522712855088,1.0,0.053668237873709584
2026-06-26,0.1157190746532159,-0.09956437131894413,0.0,0.0002597130566349006
2026-06-29,0.11543479159915496,-0.0473413477963181,0.0,7.654019945250738e-06
2026-06-30,0.11553258938553308,-0.047730883512953945,0.0,6.497921378055293e-06
2026-07-01,0.11687887680989704,-0.016224911476096074,0.0,6.30551620561457e-06
2026-07-02,0.11752331021136851,-0.01624750082669492,0.0,6.268392774734882e-06
2026-07-03,0.1171393737040304,0.0014202990508144914,0.0,6.285786922482381e-06
2026-07-06,0.11373704536073537,-0.0016977462384195896,0.0,6.99895615142727e-06
2026-07-07,0.1082115629548758,-0.007321026430657282,0.0,1.144276894476304e-05
2026-07-08,0.10485981791258853,-0.012019058897308518,0.0,1.8714174801783658e-05
2026-07-09,0.10584162513378773,-0.011681685077580786,0.0,1.605715663251941e-05
2026-07-10,0.10933300928410074,-0.007806364419929657,0.0,1.0096969979596682e-05
2026-07-13,0.1085068933461467,-0.005230152014588665,0.0,1.1060025567295554e-05
2026-07-14,0.10826258044332512,5.101748844932308e-05,0.0,1.1402548534597543e-05
2026-07-15,0.10953776446592035,0.004677946553331827,0.0,9.843259777534328e-06
2026-07-16,0.10495116413839771,-0.0008904609953900161,0.0,1.841090649362104e-05
2026-07-17,0.10740463719903526,-0.00192837208506548,0.0,1.2803705361624995e-05
2026-07-20,0.1038368459989118,-0.004670047347234904,0.0,2.237937706351309e-05
2026-07-21,0.10322674990950435,-0.00503583053382077,0.0,2.5209511085131693e-05
2026-07-22,0.10105525724274628,-0.008482507223174077,0.0,3.91872293416606e-05
2026-07-23,0.09966409099375832,-0.005287073144639387,0.0,5.411048443973574e-05
2026-07-24,0.09862668797244872,-0.008777949226586534,0.0,7.015986337919908e-05
2026-07-27,0.10253299913466464,-0.0013038468642471573,0.0,2.9759373038865827e-05
2026-07-28,0.10401837576470592,0.0007916258552015665,0.0,2.191570293203086e-05
2026-07-29,0.10532766864446987,0.004272411401723589,0.0,1.745426331836021e-05
2026-07-30,0.1048615226327141,0.0051974316389557795,0.0,1.8786409801040493e-05
2026-07-31,0.10811584183533644,0.00948915386288772,0.0,1.167489687405087e-05
2026-08-03,0.11180180128671287,0.009268802152048228,0.0,7.979680476006487e-06
2026-08-04,0.11421843605872953,0.010200060294023608,0.0,6.8394321810943254e-06
2026-08-05,0.1128443591025886,0.00751669045811873,0.0,7.3812622906602615e-06
2026-08-06,0.11247153395513937,0.007610011322425267,0.0,7.57156125631309e-06
2026-08-07,0.1077134975446658,-0.00040234429067063926,0.0,1.2198045741856533e-05
2026-08-10,0.10818590859203801,-0.003615892694674855,0.0,1.1520668107100715e-05
2026-08-11,0.10700432340168067,-0.0072141126570488545,0.0,1.3462975140874017e-05
2026-08-12,0.11226897348805082,-0.0005753856145377795,0.0,7.713493284495972e-06
